公募番号,件名,実施機関,対象地域,従業員数の条件,上限額(円),受付開始,受付終了,URL
S-00009526,令和８年度酒類業振興支援事業費補助金（第４期）,,北海道 / 青森県 / 岩手県 / 宮城県 / 秋田県 / 山形県 / 福島県 / 茨城県 / 栃木県 / 群馬県 / 埼玉県 / 新潟県 / 長野県 / 岐阜県 / 静岡県 / 愛知県 / 三重県 / 滋賀県 / 京都府 / 大阪府 / 兵庫県 / 奈良県 / 和歌山県 / 鳥取県 / 島根県 / 岡山県 / 広島県 / 山口県 / 徳島県 / 香川県 / 愛媛県 / 高知県 / 福岡県 / 佐賀県 / 長崎県 / 熊本県 / 大分県 / 宮崎県 / 鹿児島県 / 沖縄県 / 千葉県 / 東京都 / 神奈川県 / 山梨県 / 富山県 / 石川県 / 福井県,従業員数の制約なし,15000000,2026-07-27 01:00,2026-09-09 03:00,https://www.jgrants-portal.go.jp/subsidy/a0WJ200000CDdQxMAL
S-00009731,令和８年度運輸部門におけるエネルギーの使用合理化・非化石エネルギー転換推進事業費補助金（内航船革新的運航効率化・非化石エネルギー転換推進事業）（三次公募）,,全国,従業員数の制約なし,500000000,2026-08-19 05:00,2026-09-09 08:00,https://www.jgrants-portal.go.jp/subsidy/a0WJ200000CDe7xMAD
S-00009232,令和8年度 高度人材インターンシップ受入支援費補助金,,東京都,300名以下,5000,2026-08-16 15:00,2026-09-09 14:59,https://www.jgrants-portal.go.jp/subsidy/a0WJ200000CDZi6MAH
S-00009684,「特定半導体生産施設整備に係る建設工事の現状及び国内投資促進に向けた課題に関する調査・分析事業」の公募,,全国,従業員数の制約なし,,2026-08-28 01:00,2026-09-11 03:00,https://www.jgrants-portal.go.jp/subsidy/a0WJ200000CDe3bMAD
S-00007730,【令和８年度】経営力強化に向けた創意工夫チャレンジ促進事業(飲食事業者向け経営基盤強化支援（受動喫煙防止対策支援コース）)助成金,,東京都,従業員数の制約なし,4000000,2026-04-13 01:00,2026-09-11 07:45,https://www.jgrants-portal.go.jp/subsidy/a0WJ200000CDWngMAH
S-00008309,令和８年度医療機関診療情報サイバーセキュリティ対策支援事業,,東京都,従業員数の制約なし,,2026-04-14 15:00,2026-09-11 14:59,https://www.jgrants-portal.go.jp/subsidy/a0WJ200000CDXuqMAH
S-00009476,令和８年度 脱炭素成長型経済構造移行推進対策費補助金（自律型資源 循環システム強靱化促進事業）（事前着手届出）【一次公募】,,全国,従業員数の制約なし,,2026-07-28 06:00,2026-09-14 06:00,https://www.jgrants-portal.go.jp/subsidy/a0WJ200000CDd5SMAT
S-00009026,令和８年度 脱炭素成長型経済構造移行推進対策費補助金（自律型資源循環システム強靱化促進事業）,,全国,従業員数の制約なし,20000000000,2026-07-28 06:00,2026-09-14 06:00,https://www.jgrants-portal.go.jp/subsidy/a0WJ200000CDYlTMAX
S-00008193,令和８年度展示会出展助成事業,,東京都,従業員数の制約なし,1500000,2026-08-31 15:00,2026-09-14 07:00,https://www.jgrants-portal.go.jp/subsidy/a0WJ200000CDXkTMAX
S-00008726,【埼玉県】令和8年度 企業等における省エネ・再エネ活用設備導入補助金,,埼玉県,従業員数の制約なし,,2026-08-16 23:30,2026-09-14 08:00,https://www.jgrants-portal.go.jp/subsidy/a0WJ200000CDYUSMA5
S-00006645,交通システムの省CO2 化に向けた設備整備事業（鉄道事業等におけるネットワーク型低炭素化促進事業）（二次公募）,,全国,従業員数の制約なし,,2026-08-17 01:00,2026-09-14 08:00,https://www.jgrants-portal.go.jp/subsidy/a0WJ200000CDO8eMAH
S-00009624,【応募事業者】令和８年度 プラスチック等資源循環システム構築実証事業　＜三次公募＞,,全国 / 北海道 / 青森県 / 岩手県 / 宮城県 / 秋田県 / 山形県 / 福島県 / 茨城県 / 栃木県 / 群馬県 / 埼玉県 / 千葉県 / 東京都 / 神奈川県 / 新潟県 / 山梨県 / 長野県 / 富山県 / 石川県 / 福井県 / 岐阜県 / 静岡県 / 愛知県 / 三重県 / 滋賀県 / 京都府 / 大阪府 / 兵庫県 / 奈良県 / 和歌山県 / 鳥取県 / 島根県 / 岡山県 / 広島県 / 山口県 / 徳島県 / 香川県 / 愛媛県 / 高知県 / 福岡県 / 佐賀県 / 長崎県 / 熊本県 / 大分県 / 宮崎県 / 鹿児島県 / 沖縄県,従業員数の制約なし,,2026-08-07 05:00,2026-09-15 07:00,https://www.jgrants-portal.go.jp/subsidy/a0WJ200000CDdqyMAD
S-00009780,令和８年度 第２回BCP実践促進助成金 連携型（R82BCPREN）,,茨城県 / 栃木県 / 群馬県 / 埼玉県 / 千葉県 / 東京都 / 神奈川県 / 山梨県,従業員数の制約なし,10000000,2026-09-09 00:00,2026-09-15 08:00,https://www.jgrants-portal.go.jp/subsidy/a0WJ200000CDeTVMA1
S-00009779,令和８年度 第２回BCP実践促進助成金（R82BCP）,,茨城県 / 栃木県 / 群馬県 / 埼玉県 / 千葉県 / 東京都 / 神奈川県 / 山梨県,従業員数の制約なし,5000000,2026-09-09 00:00,2026-09-15 08:00,https://www.jgrants-portal.go.jp/subsidy/a0WJ200000CDeTUMA1
S-00009781,令和８年度 第２回サイバーセキュリティ対策促進助成金（R82CYB）,,茨城県 / 栃木県 / 群馬県 / 埼玉県 / 千葉県 / 東京都 / 神奈川県 / 山梨県,従業員数の制約なし,5000000,2026-09-09 00:00,2026-09-15 08:00,https://www.jgrants-portal.go.jp/subsidy/a0WJ200000CDeTWMA1
S-00004126,東京都認定制度を活用した医師少数区域における勤務の推進事業補助金,,東京都,従業員数の制約なし,,2026-08-24 03:00,2026-09-15 14:45,https://www.jgrants-portal.go.jp/subsidy/a0W5h00000UcWryEAF
S-00009353,【令和７年度】二酸化炭素排出抑制対策事業費等補助金（水インフラにおける脱炭素化推進事業）［四次公募］,,全国,従業員数の制約なし,,2026-06-18 07:00,2026-09-18 08:00,https://www.jgrants-portal.go.jp/subsidy/a0WJ200000CDb6JMAT
S-00009587,令和８年度　熱利活用事業（単年度事業分）　第３次公募　【　廃棄物処理施設を核とした地域循環共生圏構築促進事業　】,,全国,従業員数の制約なし,,2026-08-24 00:00,2026-09-18 08:00,https://www.jgrants-portal.go.jp/subsidy/a0WJ200000CDdmfMAD
S-00009586,令和８年度　電力利活用事業（単年度事業分）　第３次公募　【　廃棄物処理施設を核とした地域循環共生圏構築促進事業　】,,全国,従業員数の制約なし,,2026-08-24 00:00,2026-09-18 08:00,https://www.jgrants-portal.go.jp/subsidy/a0WJ200000CDdmVMAT
S-00009588,令和８年度　ＦＳ調査事業　第３次公募　【　廃棄物処理施設を核とした地域循環共生圏構築促進事業　】,,全国,従業員数の制約なし,,2026-08-24 00:00,2026-09-18 08:00,https://www.jgrants-portal.go.jp/subsidy/a0WJ200000CDdmpMAD
S-00009805,【二次公募】令和８年度　天然ガス利用設備による強靱性向上対策事業費補助金,,全国,従業員数の制約なし,,2026-09-02 00:00,2026-09-24 14:59,https://www.jgrants-portal.go.jp/subsidy/a0WJ200000CDeXgMAL
S-00004124,東京都専門医認定支援事業補助金,,東京都,従業員数の制約なし,,2026-09-02 00:00,2026-09-24 15:00,https://www.jgrants-portal.go.jp/subsidy/a0W5h00000UcWrwEAF
S-00008991,①省CO2型プラスチック高度リサイクル設備導入事業（バリューチェーン）【令和７年度（補正予算）４次公募及び令和８年度３次公募】,,全国,従業員数の制約なし,7297000000,2026-08-25 02:00,2026-09-25 03:00,https://www.jgrants-portal.go.jp/subsidy/a0WJ200000CDYiwMAH
S-00008997,②化石資源由来プラスチックを代替する再生可能資源由来素材 の省CO2型製造設備導入事業（バリューチェーン）【令和７年度（補正予算）第４次公募及び令和８年度第３次公募】,,全国,従業員数の制約なし,7297000000,2026-08-25 02:00,2026-09-25 03:00,https://www.jgrants-portal.go.jp/subsidy/a0WJ200000CDYjRMAX
S-00009012,③太陽光パネルリサイクル設備導入事業（バリューチェーン）【令和７年度（補正予算）第４次公募及び令和８年度第３次公募】,,全国,従業員数の制約なし,7297000000,2026-08-25 02:00,2026-09-25 03:00,https://www.jgrants-portal.go.jp/subsidy/a0WJ200000CDYkCMAX
S-00009013,④リチウム蓄電池リサイクル設備導入事業（バリューチェーン）【令和７年度（補正予算）第４次公募及び令和８年度第３次公募】,,全国,従業員数の制約なし,7297000000,2026-08-25 02:00,2026-09-25 03:00,https://www.jgrants-portal.go.jp/subsidy/a0WJ200000CDYkHMAX
S-00009004,⑤金属破砕・選別設備導入事業（バリューチェーン）【令和７年度（補正予算）第４次公募及び第８年度第３次公募】,,全国,従業員数の制約なし,7297000000,2026-08-25 02:00,2026-09-25 03:00,https://www.jgrants-portal.go.jp/subsidy/a0WJ200000CDYk0MAH
S-00009759,令和7年度_産油国石油精製技術等対策事業費補助金（石油天然ガス権益・安定供給の確保に向けた資源国との関係強化支援事業のうち産油・産ガス国産業協力等事業に係るもの）_第5回公募,,全国,従業員数の制約なし,340000000,2026-09-01 00:00,2026-09-25 03:00,https://www.jgrants-portal.go.jp/subsidy/a0WJ200000CDeNwMAL
S-00009757,令和7年度_資源国脱炭素化・エネルギー転換技術等支援事業費補助金_第5回公募,,全国,従業員数の制約なし,660000000,2026-09-01 00:00,2026-09-25 03:00,https://www.jgrants-portal.go.jp/subsidy/a0WJ200000CDeNSMA1
S-00009761,令和8年度_産油国石油精製技術等対策事業費補助金（石油天然ガス権益・安定供給の確保に向けた資源国との関係強化支援事業のうち産油・産ガス国産業協力等事業に係るもの）_第3回公募,,全国,従業員数の制約なし,2900000000,2026-09-01 00:00,2026-09-25 03:00,https://www.jgrants-portal.go.jp/subsidy/a0WJ200000CDeO6MAL
S-00009760,令和8年度_資源国脱炭素化・エネルギー転換技術等支援事業費補助金_第3回公募,,全国,従業員数の制約なし,1200000000,2026-09-01 00:00,2026-09-25 03:00,https://www.jgrants-portal.go.jp/subsidy/a0WJ200000CDeO1MAL
S-00009431,令和８年度「水力発電導入促進支援事業費補助金（事業性評価支援事業）」（新規事業　３次締切分）,,全国,従業員数の制約なし,20000000,2026-06-27 00:00,2026-09-25 08:00,https://www.jgrants-portal.go.jp/subsidy/a0WJ200000CDcODMA1
S-00009754,「デジタル社会の将来像の実現に向けた技術課題及び社会実装方策に関する調査」の公募,,全国,従業員数の制約なし,,2026-09-08 01:00,2026-09-28 03:00,https://www.jgrants-portal.go.jp/subsidy/a0WJ200000CDeNDMA1
S-00009687,【令和８年度・第４回】INPIT外国出願補助金,INPIT外国出願補助金,全国,300名以下,3000000,2026-09-07 01:00,2026-09-28 08:00,https://www.jgrants-portal.go.jp/subsidy/a0WJ200000CDe3zMAD
S-00007152,【経済産業省】ものづくり・商業・サービス生産性向上促進補助金（19次締切）,,全国,従業員数の制約なし,40000000,2025-02-14 08:00,2026-09-28 08:00,https://www.jgrants-portal.go.jp/subsidy/a0WJ200000CDTzMMAX
S-00009641,2026年度「木質バイオマス燃料等の安定的・効率的な供給・利用システム構築支援事業」の第２回公募,,全国,従業員数の制約なし,,2026-08-20 01:00,2026-09-29 03:00,https://www.jgrants-portal.go.jp/subsidy/a0WJ200000CDdtWMAT
S-00008881,令和８年度　水力発電導入促進支援事業費補助金（既存設備有効活用強化支援事業）公募,,全国,従業員数の制約なし,1474350000,2026-04-27 04:30,2026-09-29 08:00,https://www.jgrants-portal.go.jp/subsidy/a0WJ200000CDYcpMAH
S-00009564,東京都商店街デジタル化推進事業費補助金,,東京都,従業員数の制約なし,15000000,2026-04-30 02:49,2026-09-30 02:49,https://www.jgrants-portal.go.jp/subsidy/a0WJ200000CDdgEMAT
S-00009458,「GXイノベーション・エコシステム構築事業推進に向けたフロンティア領域の探索・重点支援のためのマネジメント手法の構築」の公募,P24012_フロンティア領域の探索・重点支援のためのＧＸイノベーション・エコシステム構築事業推進に係る検討,全国,従業員数の制約なし,,2026-08-17 01:00,2026-09-30 03:00,https://www.jgrants-portal.go.jp/subsidy/a0WJ200000CDcy9MAD
S-00009585,「GX分野の大企業等のスタートアップ連携・調達加速化事業／市場創出及び本格調達・購買の実現可能性の検証（GX_CPP）」の公募,,全国,従業員数の制約なし,,2026-08-26 01:00,2026-09-30 03:00,https://www.jgrants-portal.go.jp/subsidy/a0WJ200000CDdmLMAT
S-00009584,「ディープテック・スタートアップ支援基金／大企業等のスタートアップ連携・調達加速化事業／市場創出及び本格調達・購買の実現可能性の検証（CPP）」の公募,,全国,従業員数の制約なし,,2026-08-26 01:00,2026-09-30 03:00,https://www.jgrants-portal.go.jp/subsidy/a0WJ200000CDdmGMAT
S-00009575,地域社会ＤＸ推進パッケージ事業（補助事業）,,全国,従業員数の制約なし,,2026-08-04 05:00,2026-09-30 03:00,https://www.jgrants-portal.go.jp/subsidy/a0WJ200000CDdjzMAD
S-00009736,【第２回】中東情勢による原材料価格高騰に伴う経営基盤安定化緊急対策事業,,東京都,従業員数の制約なし,20000000,2026-09-01 05:00,2026-09-30 07:00,https://www.jgrants-portal.go.jp/subsidy/a0WJ200000CDe9hMAD
S-00009090,「賃上げ環境整備補助金2026」,,北海道,300名以下,3000000,2026-05-15 01:00,2026-09-30 08:00,https://www.jgrants-portal.go.jp/subsidy/a0WJ200000CDYr0MAH
S-00009646,【令和７年度補正予算・令和８年度】二酸化炭素排出抑制対策事業費等補助金（テナントビルの省CO2改修支援事業（令和７年度補正三次公募・令和８年度二次公募））,,全国,従業員数の制約なし,40000000,2026-08-21 06:00,2026-09-30 08:00,https://www.jgrants-portal.go.jp/subsidy/a0WJ200000CDdtvMAD
S-00009642,【令和７年度補正予算・令和８年度】二酸化炭素排出抑制対策事業費等補助金（ライフサイクルカーボン削減型の先導的な新築ZEB支援事業（令和７年度補正予算三次公募・令和８年度二次公募））,,全国,従業員数の制約なし,500000000,2026-08-21 06:00,2026-09-30 08:00,https://www.jgrants-portal.go.jp/subsidy/a0WJ200000CDdtbMAD
S-00009640,【令和７年度補正予算・令和８年度】二酸化炭素排出抑制対策事業費等補助金（新築建築物のZEB普及促進支援事業/既存建築物のZEB化普及促進支援事業（令和７年度補正予算三次公募・令和８年度二次公募））,,全国,従業員数の制約なし,,2026-08-21 06:00,2026-09-30 08:00,https://www.jgrants-portal.go.jp/subsidy/a0WJ200000CDdtRMAT
S-00009644,【令和７年度補正予算・令和８年度】二酸化炭素排出抑制対策事業費等補助金（民間建築物等における省CO2改修支援事業（令和７年度補正三次公募・令和８年度二次公募））,,全国,従業員数の制約なし,35000000,2026-08-21 06:00,2026-09-30 08:00,https://www.jgrants-portal.go.jp/subsidy/a0WJ200000CDdtlMAD
S-00009647,【令和７年度補正予算・令和８年度】二酸化炭素排出抑制対策事業費等補助金（空き家等における省CO2改修支援事業（令和７年度補正三次公募・令和８年度二次公募））,,全国,従業員数の制約なし,10000000,2026-08-21 06:00,2026-09-30 08:00,https://www.jgrants-portal.go.jp/subsidy/a0WJ200000CDdu0MAD
S-00009404,【令和８年度】サステナブル倉庫モデル促進事業（２次公募）,,全国,従業員数の制約なし,100000000,2026-08-21 06:00,2026-09-30 08:00,https://www.jgrants-portal.go.jp/subsidy/a0WJ200000CDbpvMAD
S-00009405,【令和８年度】フェーズフリーの省CO2独立型施設支援事業（２次公募）,,全国,従業員数の制約なし,35000000,2026-08-21 06:00,2026-09-30 08:00,https://www.jgrants-portal.go.jp/subsidy/a0WJ200000CDbq0MAD
S-00009310,【令和８年度】二酸化炭素排出抑制対策事業費等補助金（低炭素型建材活用新築ZEB支援事業）（二次公募）,,全国,従業員数の制約なし,500000000,2026-08-21 06:00,2026-09-30 08:00,https://www.jgrants-portal.go.jp/subsidy/a0WJ200000CDaT7MAL
S-00001113,令和8年度 生放送字幕番組普及促進助成金（第３期）,,全国,従業員数の制約なし,,2026-06-30 23:45,2026-09-30 08:00,https://www.jgrants-portal.go.jp/subsidy/a0W2x000004PhCHEA0
S-00009752,令和8年度　ふくいの逸品創造ファンド事業,,福井県,300名以下,2000000,2026-08-10 00:00,2026-09-30 08:00,https://www.jgrants-portal.go.jp/subsidy/a0WJ200000CDeF3MAL
S-00008596,令和8年度神奈川県小規模事業者デジタル化支援推進事業費補助金,,神奈川県,20名以下,500000,2026-04-15 00:00,2026-09-30 08:00,https://www.jgrants-portal.go.jp/subsidy/a0WJ200000CDYEIMA5
S-00007574,令和８年度製品改良／規格適合・認証取得支援事業,,東京都,従業員数の制約なし,5000000,2026-09-06 15:00,2026-09-30 08:00,https://www.jgrants-portal.go.jp/subsidy/a0WJ200000CDW8bMAH
S-00009432,小規模事業者持続化補助金＜共同・協業型＞ 第３回公募,,全国,従業員数の制約なし,30000000,2026-08-14 06:00,2026-09-30 08:00,https://www.jgrants-portal.go.jp/subsidy/a0WJ200000CDcQOMA1
S-00009771,令和8年度当初予算　二次公募　民間企業等による再エネの導入及び地域共生加速化事業のうち、ストレージパリティの達成に向けた太陽光発電設備等の価格低減促進事業,,全国,従業員数の制約なし,60000000,2026-08-27 06:00,2026-10-02 03:00,https://www.jgrants-portal.go.jp/subsidy/a0WJ200000CDeSJMA1
S-00009613,「地熱ポテンシャル高度利活用技術開発」の追加公募,,全国,従業員数の制約なし,,2026-08-31 01:00,2026-10-05 03:00,https://www.jgrants-portal.go.jp/subsidy/a0WJ200000CDdoxMAD
S-00009735,「風車生産技術研究開発」の公募,,全国,従業員数の制約なし,,2026-09-04 01:00,2026-10-05 03:00,https://www.jgrants-portal.go.jp/subsidy/a0WJ200000CDe8tMAD
S-00009612,経済安全保障重要技術育成プログラム／航空機エンジン向け先進材料技術の開発・実証/研究開発項目〔3〕「国産ニッケル基超合金における評価システム基盤整備」の公募,,全国,従業員数の制約なし,,2026-09-04 05:00,2026-10-05 03:00,https://www.jgrants-portal.go.jp/subsidy/a0WJ200000CDdonMAD
S-00009533,令和８年度酒類業振興支援事業費補助金（第５期）,,北海道 / 青森県 / 岩手県 / 宮城県 / 秋田県 / 山形県 / 福島県 / 茨城県 / 栃木県 / 群馬県 / 埼玉県 / 新潟県 / 長野県 / 沖縄県 / 千葉県 / 東京都 / 神奈川県 / 山梨県 / 富山県 / 石川県 / 福井県 / 岐阜県 / 静岡県 / 愛知県 / 三重県 / 滋賀県 / 京都府 / 大阪府 / 兵庫県 / 奈良県 / 和歌山県 / 鳥取県 / 島根県 / 岡山県 / 広島県 / 山口県 / 徳島県 / 香川県 / 愛媛県 / 高知県 / 福岡県 / 佐賀県 / 長崎県 / 熊本県 / 大分県 / 宮崎県 / 鹿児島県,従業員数の制約なし,15000000,2026-08-18 01:00,2026-10-07 03:00,https://www.jgrants-portal.go.jp/subsidy/a0WJ200000CDdRmMAL
S-00009333,「海外研究者招へい事業（STeP JAPAN）」2027年度海外招へい研究者受入機関の募集,,全国,従業員数の制約なし,,2026-07-16 01:00,2026-10-08 03:00,https://www.jgrants-portal.go.jp/subsidy/a0WJ200000CDaooMAD
S-00009589,令和７年度(補正予算) ゼロエミッション船等の建造促進事業 2次公募,,全国,従業員数の制約なし,,2026-08-21 05:00,2026-10-09 03:00,https://www.jgrants-portal.go.jp/subsidy/a0WJ200000CDdnJMAT
S-00009770,令和７年度（補正予算）地域共生を目指したデータセンター脱炭素化設備導入支援事業（三次公募）,,全国,従業員数の制約なし,,2026-09-01 05:00,2026-10-09 03:00,https://www.jgrants-portal.go.jp/subsidy/a0WJ200000CDeS9MAL
S-00009766,伝統的工芸品産業支援補助金（令和8年度第2回災害復興事業）,,新潟県 / 福井県 / 富山県 / 石川県,従業員数の制約なし,10000000,2026-08-28 05:00,2026-10-09 08:00,https://www.jgrants-portal.go.jp/subsidy/a0WJ200000CDeQmMAL
S-00006173,令和８年度_グリーンスローモビリティ等導入促進事業（二次公募）,,全国,従業員数の制約なし,,2026-09-07 01:00,2026-10-16 03:00,https://www.jgrants-portal.go.jp/subsidy/a0WJ200000CDKZFMA5
S-00007741,⼩規模事業者持続化補助⾦＜⼀般型 災害⽀援枠（令和６年能登半島地震等）＞10次公募【商⼯会地区】,,石川県,20名以下,2000000,2026-07-27 08:00,2026-10-16 08:00,https://www.jgrants-portal.go.jp/subsidy/a0WJ200000CDWp3MAH
S-00009485,小規模事業者持続化補助金＜一般型 災害支援枠（令和６年能登半島地震等）＞１０次公募【商工会議所地区】,,石川県,20名以下,2000000,2026-07-27 06:00,2026-10-16 08:00,https://www.jgrants-portal.go.jp/subsidy/a0WJ200000CDdALMA1
S-00009334,【令和８年度】二酸化炭素排出抑制対策事業費等補助金（再エネ等由来水素を活用した自立・分散型エネルギーシステム構築等事業）,,全国,従業員数の制約なし,300000000,2026-06-22 07:00,2026-10-30 09:00,https://www.jgrants-portal.go.jp/subsidy/a0WJ200000CDaotMAD
S-00009174,産業車両等の脱炭素化促進事業のうち、港湾における脱炭素化促進事業（二酸化炭素排出抑制対策事業費等補助金）,,全国,従業員数の制約なし,100000000,2026-05-21 07:00,2026-10-30 09:00,https://www.jgrants-portal.go.jp/subsidy/a0WJ200000CDZ04MAH
S-00009167,産業車両等の脱炭素化促進事業のうち、空港における脱炭素化促進事業① 空港における再エネ活用型GPU等導入支援（二酸化炭素排出抑制対策事業費等補助金）,,全国,従業員数の制約なし,150000000,2026-05-21 07:00,2026-10-30 09:00,https://www.jgrants-portal.go.jp/subsidy/a0WJ200000CDYzVMAX
S-00009178,産業車両等の脱炭素化促進事業のうち、空港における脱炭素化促進事業③空港におけるEV・FCV型車両改造事業（二酸化炭素排出抑制対策事業費等補助金）,,全国,従業員数の制約なし,,2026-05-21 07:00,2026-10-30 09:00,https://www.jgrants-portal.go.jp/subsidy/a0WJ200000CDZ1GMAX
S-00008476,令和8年度医療機関診療情報デジタル導入支援事業,,東京都,従業員数の制約なし,,2026-04-14 15:00,2026-10-30 14:59,https://www.jgrants-portal.go.jp/subsidy/a0WJ200000CDY6uMAH
S-00008429,令和７年度補正 業務産業用蓄電システム導入支援事業,,全国,従業員数の制約なし,15000000,2026-03-24 04:00,2026-10-30 15:00,https://www.jgrants-portal.go.jp/subsidy/a0WJ200000CDY4mMAH
S-00008860,エイジフレンドリー補助金,,全国,従業員数の制約なし,1000000,2026-05-20 00:00,2026-10-31 14:59,https://www.jgrants-portal.go.jp/subsidy/a0WJ200000CDYbNMAX
S-00009688,令和７年度補正　再生可能エネルギー導入拡大・系統用蓄電池等電力貯蔵システム導入支援事業費補助金　系統用蓄電システム等導入支援事業,,全国,従業員数の制約なし,4000000000,2026-09-04 08:00,2026-11-04 08:00,https://www.jgrants-portal.go.jp/subsidy/a0WJ200000CDe4JMAT
S-00008191,「グリーンイノベーション基金事業／次世代型地熱技術の開発」の公募,,全国,従業員数の制約なし,,2026-08-28 01:00,2026-11-10 03:00,https://www.jgrants-portal.go.jp/subsidy/a0WJ200000CDXkJMAX
S-00006576,令和８年度_Scope3排出量削減のための企業間連携による省CO2設備投資促進事業,,全国,従業員数の制約なし,1500000000,2026-07-30 07:00,2026-11-13 08:00,https://www.jgrants-portal.go.jp/subsidy/a0WJ200000CDNDnMAP
S-00009198,産業車両等の脱炭素化促進事業のうち、空港における脱炭素化促進事業②空港におけるEV・FCV型車両導入事業（二酸化炭素排出抑制対策事業費等補助金）,,全国,従業員数の制約なし,,2026-07-02 07:00,2026-11-13 09:00,https://www.jgrants-portal.go.jp/subsidy/a0WJ200000CDZDHMA5
S-00009465,令和７年度（補正予算）地域脱炭素実現に向けた具体的施策実装支援事業（四次公募）,,全国,従業員数の制約なし,,2026-07-13 01:00,2026-11-20 08:00,https://www.jgrants-portal.go.jp/subsidy/a0WJ200000CDd3OMAT
S-00009467,令和８年度地域脱炭素実現に向けた具体的施策実装支援事業,,全国,従業員数の制約なし,,2026-07-13 01:00,2026-11-20 08:00,https://www.jgrants-portal.go.jp/subsidy/a0WJ200000CDd3YMAT
S-00008435,令和７年度補正 ディマンドリスポンスの拡大に向けたIoT化推進事業,,全国,従業員数の制約なし,20000000,2026-03-24 04:00,2026-11-27 15:00,https://www.jgrants-portal.go.jp/subsidy/a0WJ200000CDY5GMAX
S-00009257,【令和８年度】二酸化炭素排出抑制対策事業費等補助金（地域再エネ水素ステーション保守点検等支援事業）,,全国,従業員数の制約なし,2200000,2026-06-22 07:00,2026-11-28 09:00,https://www.jgrants-portal.go.jp/subsidy/a0WJ200000CDZzQMAX
S-00009264,令和８年度二酸化炭素排出抑制対策事業費等補助金（運輸部門等の脱炭素化に向けた先進的システム社会実装促進事業のうち、農業機械の電動化促進事業）,,全国,従業員数の制約なし,72000000,2026-07-07 09:00,2026-11-30 03:00,https://www.jgrants-portal.go.jp/subsidy/a0WJ200000CDa1gMAD
S-00008594,【令和８年度】働き方改革推進支援助成金,,全国,300名以下,13700000,2026-04-12 15:00,2026-11-30 08:00,https://www.jgrants-portal.go.jp/subsidy/a0WJ200000CDYEGMA5
S-00009545,【山形県】令和8年度やまがた未来くるエネルギー補助金（山形県再生可能エネルギー等設備導入促進事業）,,山形県,従業員数の制約なし,,2026-04-16 00:00,2026-11-30 08:00,https://www.jgrants-portal.go.jp/subsidy/a0WJ200000CDddVMAT
S-00008944,古賀市中小企業等向け太陽光発電設備導入補助金,,福岡県,従業員数の制約なし,4500000,2026-03-13 00:00,2026-11-30 08:00,https://www.jgrants-portal.go.jp/subsidy/a0WJ200000CDYfxMAH
S-00009204,埼玉県中小企業等奨学金返還支援事業補助金（令和８年度）,,埼玉県,従業員数の制約なし,,2026-06-01 00:00,2026-11-30 08:00,https://www.jgrants-portal.go.jp/subsidy/a0WJ200000CDZIAMA5
S-00009553,令和8年度SDS電子化補助金,,全国,従業員数の制約なし,1000000,2026-08-01 01:00,2026-11-30 14:59,https://www.jgrants-portal.go.jp/subsidy/a0WJ200000CDderMAD
S-00009263,令和８年度 脱炭素成長型経済構造移行推進対策費補助金 （業務用建築物の脱炭素改修加速化事業）,,全国,従業員数の制約なし,1000000000,2026-06-04 01:00,2026-11-30 14:59,https://www.jgrants-portal.go.jp/subsidy/a0WJ200000CDa1bMAD
S-00008317,令和８年度東京都医療ＤＸ人材育成支援事業,,東京都,従業員数の制約なし,500000,2026-04-14 15:00,2026-11-30 14:59,https://www.jgrants-portal.go.jp/subsidy/a0WJ200000CDXvUMAX
S-00008682,令和８年度海外商標対策支援助成事業,,東京都,300名以下,5000000,2026-04-10 00:00,2026-12-01 08:00,https://www.jgrants-portal.go.jp/subsidy/a0WJ200000CDYR2MAP
S-00008580,【農林水産省】中山間地域所得確保推進事業,,全国,従業員数の制約なし,5000000,2025-12-16 00:00,2026-12-01 08:15,https://www.jgrants-portal.go.jp/subsidy/a0WJ200000CDYDCMA5
S-00009407,令和８年度ゼロエミッション船等の導入支援事業,,全国,従業員数の制約なし,,2026-08-24 05:00,2026-12-03 03:00,https://www.jgrants-portal.go.jp/subsidy/a0WJ200000CDbyjMAD
S-00008216,【令和８年度】INPIT外国出願補助金（中間手続補助）,INPIT外国出願補助金（中間手続補助）,全国,300名以下,500000,2026-04-01 01:00,2026-12-14 08:00,https://www.jgrants-portal.go.jp/subsidy/a0WJ200000CDXmVMAX
S-00007817,中小企業人材確保のための奨学金返還支援事業【令和８年度企業登録】,,東京都,従業員数の制約なし,,2026-02-05 05:00,2026-12-17 08:00,https://www.jgrants-portal.go.jp/subsidy/a0WJ200000CDX1KMAX
S-00008543,INPIT事業再編計画支援事業補助金（令和８年度）,INPIT事業再編計画支援事業補助金,全国,901名以上,6500000,2026-04-01 01:00,2026-12-18 08:00,https://www.jgrants-portal.go.jp/subsidy/a0WJ200000CDYBxMAP
S-00009551,【福岡県宗像市】令和8年度 宗像市がんばる中小企業者応援補助金,,福岡県,300名以下,,2026-06-01 00:00,2026-12-25 02:00,https://www.jgrants-portal.go.jp/subsidy/a0WJ200000CDddbMAD
S-00009549,【福岡県宗像市】令和8年度 食のまち宗像推進補助金,,福岡県,従業員数の制約なし,,2026-06-01 00:00,2026-12-25 02:00,https://www.jgrants-portal.go.jp/subsidy/a0WJ200000CDddZMAT
S-00009547,【山形県】令和8年度地域主導型再生可能エネルギー導入支援事業費補助金,,山形県,従業員数の制約なし,240000,2026-04-01 00:00,2026-12-25 08:15,https://www.jgrants-portal.go.jp/subsidy/a0WJ200000CDddXMAT
S-00009546,【山形県】令和8年度山形県再生可能エネルギー(小水力発電)事業可能性調査事業費補助金,,山形県,従業員数の制約なし,750000,2026-04-01 00:00,2026-12-25 08:15,https://www.jgrants-portal.go.jp/subsidy/a0WJ200000CDddWMAT
S-00009386,【久留米市】中小企業先端設備等導入支援補助金（令和8年度）,,福岡県,300名以下,5000000,2026-06-30 23:30,2026-12-28 08:00,https://www.jgrants-portal.go.jp/subsidy/a0WJ200000CDbPLMA1
S-00007421,【経済産業省】ものづくり・商業・サービス生産性向上促進補助金（20次締切）,,全国,従業員数の制約なし,35000000,2025-10-27 08:00,2026-12-28 08:00,https://www.jgrants-portal.go.jp/subsidy/a0WJ200000CDVkeMAH
S-00008709,【久留米市】久留米市キッチンカー導入事業費補助金（令和８年度）,,福岡県,従業員数の制約なし,300000,2026-03-31 23:30,2026-12-28 08:15,https://www.jgrants-portal.go.jp/subsidy/a0WJ200000CDYTvMAP
S-00009403,【久留米市】久留米市小規模事業者デジタル化支援補助金（令和８年度）,,福岡県,20名以下,200000,2026-06-23 23:30,2026-12-28 08:15,https://www.jgrants-portal.go.jp/subsidy/a0WJ200000CDbpCMAT
S-00005733,在宅人工呼吸器使用難病患者非常用電源設備整備事業補助金,,全国,従業員数の制約なし,,2026-03-31 15:00,2026-12-28 14:59,https://www.jgrants-portal.go.jp/subsidy/a0WJ200000CDHQZMA5
S-00008832,【久留米市】中小企業止水板等設置事業費補助金（令和8年度）,久留米市中小企業先端設備等導入支援補助金（令和8年度）,福岡県,従業員数の制約なし,500000,2026-03-31 23:30,2026-12-28 15:00,https://www.jgrants-portal.go.jp/subsidy/a0WJ200000CDYZ7MAP
S-00006942,令和７年度ＮＢＣ災害・テロ対策設備整備補助事業,,東京都,従業員数の制約なし,33762000,2025-11-03 15:00,2026-12-30 15:00,https://www.jgrants-portal.go.jp/subsidy/a0WJ200000CDQuHMAX
S-00009311,令和８年_設備投資_事業化状況報告,,栃木県 / 群馬県 / 埼玉県 / 千葉県 / 東京都 / 神奈川県 / 山梨県,従業員数の制約なし,200000000,2026-09-07 00:00,2026-12-31 14:59,https://www.jgrants-portal.go.jp/subsidy/a0WJ200000CDaTCMA1
S-00006098,中小企業の外国人従業員に対する研修等支援助成金（ウクライナ避難民採用企業コース）,,東京都,従業員数の制約なし,500000,2026-04-09 05:00,2027-01-14 14:59,https://www.jgrants-portal.go.jp/subsidy/a0WJ200000CDK7OMAX
S-00006097,中小企業の外国人従業員に対する研修等支援助成金（一般コース）,,東京都,300名以下,250000,2026-04-09 05:00,2027-01-14 14:59,https://www.jgrants-portal.go.jp/subsidy/a0WJ200000CDK7NMAX
S-00009697,令和8年度 中小企業の外国人従業員に対する研修等支援助成金（ウクライナ避難民採用企業コース）,,東京都,従業員数の制約なし,500000,2026-04-09 05:00,2027-01-14 14:59,https://www.jgrants-portal.go.jp/subsidy/a0WJ200000CDe4nMAD
S-00009696,令和8年度 中小企業の外国人従業員に対する研修等支援助成金（一般コース）,,東京都,300名以下,250000,2026-04-09 05:00,2027-01-14 14:59,https://www.jgrants-portal.go.jp/subsidy/a0WJ200000CDe4iMAD
S-00007666,令和７年度補正予算　商用車等の電動化促進事業,,全国,従業員数の制約なし,17500000000,2026-04-24 05:00,2027-01-15 14:59,https://www.jgrants-portal.go.jp/subsidy/a0WJ200000CDWZ9MAP
S-00004757,ゼロエミッション実現に向けた経営推進支援事業 助成金,,東京都,900名以下,15000000,2026-05-13 15:00,2027-01-29 08:00,https://www.jgrants-portal.go.jp/subsidy/a0W5h00000ZuemGEAR
S-00008078,令和７年度（補正）　商用車等の電動化促進事業（建設機械）,,全国 / 北海道 / 青森県 / 岩手県 / 宮城県 / 秋田県 / 山形県 / 福島県 / 茨城県 / 栃木県 / 群馬県 / 埼玉県 / 千葉県 / 東京都 / 神奈川県 / 新潟県 / 山梨県 / 長野県 / 富山県 / 石川県 / 福井県 / 岐阜県 / 静岡県 / 愛知県 / 三重県 / 滋賀県 / 京都府 / 大阪府 / 兵庫県 / 奈良県 / 和歌山県 / 鳥取県 / 島根県 / 岡山県 / 広島県 / 山口県 / 徳島県 / 香川県 / 愛媛県 / 高知県 / 福岡県 / 佐賀県 / 長崎県 / 熊本県 / 大分県 / 宮崎県 / 鹿児島県 / 沖縄県,従業員数の制約なし,1431000000,2026-03-19 05:00,2027-01-29 08:00,https://www.jgrants-portal.go.jp/subsidy/a0WJ200000CDXRpMAP
S-00006444,デジタル証券（セキュリティトークン）市場拡大促進事業補助金,,東京都,従業員数の制約なし,7500000,2026-04-09 15:00,2027-01-29 14:59,https://www.jgrants-portal.go.jp/subsidy/a0WJ200000CDMSsMAP
S-00008791,岡崎ものづくり支援補助金（依頼試験事業）,,愛知県,従業員数の制約なし,500000,2026-03-31 15:00,2027-01-31 14:59,https://www.jgrants-portal.go.jp/subsidy/a0WJ200000CDYW3MAP
S-00008790,岡崎ものづくり支援補助金（共同研究事業）,,愛知県,従業員数の制約なし,500000,2026-03-31 15:00,2027-01-31 14:59,https://www.jgrants-portal.go.jp/subsidy/a0WJ200000CDYW2MAP
S-00009139,【大阪府和泉市】再エネ・省エネ機器設置促進事業補助金（事業者用）,,大阪府,従業員数の制約なし,,2026-04-27 00:00,2027-02-01 08:15,https://www.jgrants-portal.go.jp/subsidy/a0WJ200000CDYvPMAX
S-00008554,【堺市】余剰電力等活用型太陽光発電設備整備事業（堺エネルギー地産地消プロジェクト推進事業補助金）,,大阪府,従業員数の制約なし,,2026-06-04 00:00,2027-02-26 08:00,https://www.jgrants-portal.go.jp/subsidy/a0WJ200000CDYCmMAP
S-00009410,小樽市省エネルギー診断補助金,,北海道,従業員数の制約なし,50000,2026-04-15 00:00,2027-02-26 08:00,https://www.jgrants-portal.go.jp/subsidy/a0WJ200000CDbyyMAD
S-00009544,松戸市事業用省エネルギー設備等導入促進事業費補助金,,千葉県,従業員数の制約なし,,2026-04-01 00:00,2027-02-26 08:00,https://www.jgrants-portal.go.jp/subsidy/a0WJ200000CDddUMAT
S-00008181,【飯塚市】令和8年度外国人材受入環境整備事業費補助金,,福岡県,従業員数の制約なし,150000,2026-03-31 23:30,2027-02-28 08:15,https://www.jgrants-portal.go.jp/subsidy/a0WJ200000CDXk9MAH
S-00008389,【長野県茅野市】製造業等労務環境改善・競争力強化促進補助金,,長野県,300名以下,,2026-03-31 15:00,2027-02-28 14:59,https://www.jgrants-portal.go.jp/subsidy/a0WJ200000CDY1VMAX
S-00009055,令和8年度 バス事業者人材開発支援奨励金,,東京都,300名以下,1900000,2026-05-29 05:00,2027-02-28 14:59,https://www.jgrants-portal.go.jp/subsidy/a0WJ200000CDYnpMAH
S-00006337,令和６年度補正予算　商用車等の電動化促進事業,,全国,従業員数の制約なし,29500000000,2025-03-30 15:00,2027-02-28 14:59,https://www.jgrants-portal.go.jp/subsidy/a0WJ200000CDL8JMAX
S-00007945,令和８年度スキルアップ支援事業,中小企業人材スキルアップ支援事業,東京都,従業員数の制約なし,2500000,2026-02-28 15:00,2027-02-28 15:00,https://www.jgrants-portal.go.jp/subsidy/a0WJ200000CDXEmMAP
S-00008022,令和８年度資格取得サポート助成金,中小企業人材スキルアップ支援事業,東京都,従業員数の制約なし,1000000,2026-04-30 05:00,2027-02-28 15:00,https://www.jgrants-portal.go.jp/subsidy/a0WJ200000CDXMiMAP
S-00008447,川越市中小企業者等物価高騰対策経営改善支援金,,埼玉県,従業員数の制約なし,100000,2026-05-10 23:30,2027-03-01 08:15,https://www.jgrants-portal.go.jp/subsidy/a0WJ200000CDY6GMAX
S-00008392,【長野県茅野市】受注及び販路開拓支援事業補助金,,長野県,300名以下,,2026-03-31 15:00,2027-03-17 14:59,https://www.jgrants-portal.go.jp/subsidy/a0WJ200000CDY1kMAH
S-00007852,【経済産業省】ものづくり・商業・サービス生産性向上促進補助金（21次締切）,,全国,従業員数の制約なし,40000000,2026-01-23 08:00,2027-03-23 08:00,https://www.jgrants-portal.go.jp/subsidy/a0WJ200000CDX4vMAH
S-00008180,【飯塚市】令和8年度海外展開支援事業費補助金,,福岡県,300名以下,100000,2026-04-01 00:55,2027-03-31 00:55,https://www.jgrants-portal.go.jp/subsidy/a0WJ200000CDXk8MAH
S-00007940,民放ラジオ難聴解消支援事業（令和８年度公募）,,全国,従業員数の制約なし,,2026-01-30 05:00,2027-03-31 03:00,https://www.jgrants-portal.go.jp/subsidy/a0WJ200000CDXENMA5
S-00007958,地上基幹放送等に関する耐災害性強化支援事業（令和８年度公募）,,全国,従業員数の制約なし,,2026-01-30 05:00,2027-03-31 05:00,https://www.jgrants-portal.go.jp/subsidy/a0WJ200000CDXFjMAP
S-00008925,【東海市】企業立地交付金（中小企業再投資交付金）,,愛知県,従業員数の制約なし,,2026-03-31 15:00,2027-03-31 07:00,https://www.jgrants-portal.go.jp/subsidy/a0WJ200000CDYfeMAH
S-00008731,【埼玉県】埼玉県民間事業者CO₂排出削減設備導入補助金（緊急対策枠）,,埼玉県,300名以下,5000000,2026-04-27 00:00,2027-03-31 08:00,https://www.jgrants-portal.go.jp/subsidy/a0WJ200000CDYUXMA5
S-00009252,【愛知県大府市】2026年度大府市カーボンニュートラル推進生産設備導入支援補助金（ユーティリティ設備）,,愛知県,従業員数の制約なし,1000000,2026-04-01 00:00,2027-03-31 08:00,https://www.jgrants-portal.go.jp/subsidy/a0WJ200000CDZz6MAH
S-00009253,【愛知県大府市】大府市産業立地の奨励措置,,愛知県,従業員数の制約なし,,2026-04-01 00:00,2027-03-31 08:00,https://www.jgrants-portal.go.jp/subsidy/a0WJ200000CDZz2MAH
S-00009638,がんばろう赤磐中小企業省エネ設備更新支援補助金,,岡山県,900名以下,,2026-08-16 15:00,2027-03-31 08:00,https://www.jgrants-portal.go.jp/subsidy/a0WJ200000CDdtHMAT
S-00008518,令和8年度省エネ型VOC排出削減設備導入促進事業,,東京都,300名以下,20000000,2026-04-01 00:00,2027-03-31 08:00,https://www.jgrants-portal.go.jp/subsidy/a0WJ200000CDY9gMAH
S-00008943,古賀市温室効果ガス排出量可視化システム導入費補助金,,福岡県,従業員数の制約なし,150000,2026-04-01 00:00,2027-03-31 08:00,https://www.jgrants-portal.go.jp/subsidy/a0WJ200000CDYfwMAH
S-00008043,地上基幹放送ネットワーク整備等事業（令和７年度補正予算及び令和８年度当初予算）,,全国,従業員数の制約なし,,2026-01-30 05:00,2027-03-31 08:00,https://www.jgrants-portal.go.jp/subsidy/a0WJ200000CDXORMA5
S-00009778,小郡市企業立地優遇制度,,福岡県,従業員数の制約なし,,2026-08-27 00:00,2027-03-31 08:00,https://www.jgrants-portal.go.jp/subsidy/a0WJ200000CDeTAMA1
S-00008256,深谷市起業家支援事業補助金,,埼玉県,300名以下,200000,2026-03-30 00:00,2027-03-31 14:45,https://www.jgrants-portal.go.jp/subsidy/a0WJ200000CDXqMMAX
S-00009377,【令和８年度】医療機関等におけるマイナンバーカード利活用推進事業補助金,,東京都,従業員数の制約なし,141000,2026-07-15 00:00,2027-03-31 14:59,https://www.jgrants-portal.go.jp/subsidy/a0WJ200000CDbHxMAL
S-00008394,【長野県茅野市】インターンシップ等促進事業補助金,,長野県,従業員数の制約なし,,2026-03-31 15:00,2027-03-31 14:59,https://www.jgrants-portal.go.jp/subsidy/a0WJ200000CDY1uMAH
S-00008393,【長野県茅野市】中小企業人材育成等支援補助金,,長野県,300名以下,,2026-03-31 15:00,2027-03-31 14:59,https://www.jgrants-portal.go.jp/subsidy/a0WJ200000CDY1pMAH
S-00008395,【長野県茅野市】雇用促進奨励金,,長野県,従業員数の制約なし,,2026-03-31 15:00,2027-03-31 14:59,https://www.jgrants-portal.go.jp/subsidy/a0WJ200000CDY1zMAH
S-00008388,【長野県茅野市】ＩＴ関連企業誘致奨励金,,長野県,従業員数の制約なし,500000,2026-03-31 15:00,2027-03-31 14:59,https://www.jgrants-portal.go.jp/subsidy/a0WJ200000CDY1QMAX
S-00007956,京都市企業立地促進制度補助金［本社・工場等新増設等支援制度］,,全国,従業員数の制約なし,100000000,2025-03-31 15:00,2027-03-31 14:59,https://www.jgrants-portal.go.jp/subsidy/a0WJ200000CDXFhMAP
S-00009359,今治市企業立地促進奨励金,,愛媛県,従業員数の制約なし,,2026-03-31 15:00,2027-03-31 14:59,https://www.jgrants-portal.go.jp/subsidy/a0WJ200000CDb86MAD
S-00009363,今治市設備投資奨励金,,愛媛県,300名以下,10000000,2026-03-31 15:00,2027-03-31 14:59,https://www.jgrants-portal.go.jp/subsidy/a0WJ200000CDb8AMAT
S-00009360,今治市賃貸借型企業立地奨励金（賃借料に対する奨励金）,,愛媛県,従業員数の制約なし,18000000,2026-03-31 15:00,2027-03-31 14:59,https://www.jgrants-portal.go.jp/subsidy/a0WJ200000CDb87MAD
S-00009361,今治市賃貸借型企業立地奨励金（開設費用に対する奨励金）,,愛媛県,従業員数の制約なし,5000000,2026-03-31 15:00,2027-03-31 14:59,https://www.jgrants-portal.go.jp/subsidy/a0WJ200000CDb88MAD
S-00009362,今治市雇用促進奨励金,,愛媛県,従業員数の制約なし,100000000,2026-03-31 15:00,2027-03-31 14:59,https://www.jgrants-portal.go.jp/subsidy/a0WJ200000CDb89MAD
S-00005217,令和６年度こどもDX推進に向けた医療機関等におけるマイナンバーカード利活用推進事業補助金,,東京都,従業員数の制約なし,141000,2024-09-27 00:00,2027-03-31 14:59,https://www.jgrants-portal.go.jp/subsidy/a0WJ20000087jeOMAQ
S-00006978,令和７年度こどもDX推進に向けた医療機関等におけるマイナンバーカード利活用推進事業補助金,,東京都,従業員数の制約なし,141000,2025-07-25 00:00,2027-03-31 14:59,https://www.jgrants-portal.go.jp/subsidy/a0WJ200000CDRArMAP
S-00008227,令和８年_設備投資_事業完了後申請,,茨城県 / 栃木県 / 群馬県 / 埼玉県 / 千葉県 / 東京都 / 神奈川県 / 山梨県,従業員数の制約なし,200000000,2026-04-01 00:00,2027-03-31 14:59,https://www.jgrants-portal.go.jp/subsidy/a0WJ200000CDXoBMAX
S-00008792,岡崎ものづくり支援補助金（見本市等出展事業）,,愛知県,従業員数の制約なし,300000,2026-03-31 15:00,2027-03-31 14:59,https://www.jgrants-portal.go.jp/subsidy/a0WJ200000CDYW4MAP
S-00008797,岡崎市企業再投資促進奨励金（県連携）,,愛知県,従業員数の制約なし,1000000000,2026-03-31 15:00,2027-03-31 14:59,https://www.jgrants-portal.go.jp/subsidy/a0WJ200000CDYW9MAP
S-00008796,岡崎市工場等（倉庫等）建設奨励金,,愛知県,従業員数の制約なし,1000000000,2026-03-31 15:00,2027-03-31 14:59,https://www.jgrants-portal.go.jp/subsidy/a0WJ200000CDYW8MAP
S-00008798,岡崎市消費者向け製品製造工場等建設奨励金,,愛知県,従業員数の制約なし,2500000000,2026-03-31 15:00,2027-03-31 14:59,https://www.jgrants-portal.go.jp/subsidy/a0WJ200000CDYWAMA5
S-00008799,岡崎市高度先端産業立地奨励金（県連携）,,愛知県,従業員数の制約なし,1000000000,2026-03-31 15:00,2027-03-31 14:59,https://www.jgrants-portal.go.jp/subsidy/a0WJ200000CDYWBMA5
S-00006732,携帯電話等エリア整備事業,無線システム普及支援事業費等事業（携帯電話等エリア整備事業）,全国 / 北海道 / 青森県 / 岩手県 / 宮城県 / 秋田県 / 山形県 / 福島県 / 茨城県 / 栃木県 / 群馬県 / 埼玉県 / 千葉県 / 東京都 / 神奈川県 / 新潟県 / 山梨県 / 長野県 / 富山県 / 石川県 / 福井県 / 岐阜県 / 静岡県 / 愛知県 / 三重県 / 滋賀県 / 京都府 / 大阪府 / 兵庫県 / 奈良県 / 和歌山県 / 鳥取県 / 島根県 / 岡山県 / 広島県 / 山口県 / 徳島県 / 香川県 / 愛媛県 / 高知県 / 福岡県 / 佐賀県 / 長崎県 / 熊本県 / 大分県 / 宮崎県 / 鹿児島県 / 沖縄県,従業員数の制約なし,,2025-03-31 23:00,2027-03-31 14:59,https://www.jgrants-portal.go.jp/subsidy/a0WJ200000CDOsKMAX
S-00000887,電波遮へい対策事業（トンネル）,,全国 / 北海道 / 青森県 / 岩手県 / 宮城県 / 秋田県 / 山形県 / 福島県 / 茨城県 / 栃木県 / 群馬県 / 埼玉県 / 千葉県 / 東京都 / 神奈川県 / 新潟県 / 山梨県 / 長野県 / 富山県 / 石川県 / 福井県 / 岐阜県 / 静岡県 / 愛知県 / 三重県 / 滋賀県 / 京都府 / 大阪府 / 兵庫県 / 奈良県 / 和歌山県 / 鳥取県 / 島根県 / 岡山県 / 広島県 / 山口県 / 徳島県 / 香川県 / 愛媛県 / 高知県 / 福岡県 / 佐賀県 / 長崎県 / 熊本県 / 大分県 / 宮崎県 / 鹿児島県 / 沖縄県 / 中国地方 / 九州・沖縄地方 / 北海道地方 / 四国地方 / 東北地方 / 東海・北陸地方 / 近畿地方 / 関東・甲信越地方,従業員数の制約なし,,2020-03-31 23:00,2027-03-31 14:59,https://www.jgrants-portal.go.jp/subsidy/a0W2x000003QZLqEAO
S-00009499,令和８年度 医学技術振興事業,,東京都,従業員数の制約なし,,2026-07-10 03:00,2027-05-31 10:00,https://www.jgrants-portal.go.jp/subsidy/a0WJ200000CDdL9MAL
S-00008989,【経済産業省】ものづくり・商業・サービス生産性向上促進補助金（22次締切）,,全国,従業員数の制約なし,,2026-04-30 08:00,2027-06-30 08:00,https://www.jgrants-portal.go.jp/subsidy/a0WJ200000CDYimMAH
S-00008507,令和8年度診療所診療情報デジタル推進事業,,東京都,従業員数の制約なし,,2026-04-14 15:00,2027-08-31 14:59,https://www.jgrants-portal.go.jp/subsidy/a0WJ200000CDY8hMAH
S-00004945,令和6年度　ES（社員満足度）向上による若手人材確保・定着事業助成金～１年目申請用～,,東京都,300名以下,3000000,2024-06-09 15:00,2028-01-01 07:45,https://www.jgrants-portal.go.jp/subsidy/a0WJ2000000pSPQMA2
S-00009639,【経済産業省】ものづくり・商業・サービス生産性向上促進補助金（23次締切）,,全国,従業員数の制約なし,,2026-04-03 08:00,2028-03-31 08:00,https://www.jgrants-portal.go.jp/subsidy/a0WJ200000CDdtMMAT
S-00009706,【三重】令和８年度中小企業最低賃金引上げ支援対策費補助金（業務改善助成金）,,三重県,従業員数の制約なし,6000000,2026-08-31 15:00,2028-03-31 14:59,https://www.jgrants-portal.go.jp/subsidy/a0WJ200000CDe6AMAT
S-00009708,【京都】令和８年度中小企業最低賃金引上げ支援対策費補助金（業務改善助成金）,,京都府,従業員数の制約なし,6000000,2026-08-31 15:00,2028-03-31 14:59,https://www.jgrants-portal.go.jp/subsidy/a0WJ200000CDe6CMAT
S-00009723,【佐賀】令和８年度中小企業最低賃金引上げ支援対策費補助金（業務改善助成金）,,佐賀県,従業員数の制約なし,6000000,2026-08-31 15:00,2028-03-31 14:59,https://www.jgrants-portal.go.jp/subsidy/a0WJ200000CDe6WMAT
S-00009710,【兵庫】令和８年度中小企業最低賃金引上げ支援対策費補助金（業務改善助成金）,,兵庫県,従業員数の制約なし,6000000,2026-08-31 15:00,2028-03-31 14:59,https://www.jgrants-portal.go.jp/subsidy/a0WJ200000CDe6EMAT
S-00009649,【北海道】令和８年度中小企業最低賃金引上げ支援対策費補助金（業務改善助成金）,,北海道,従業員数の制約なし,6000000,2026-08-31 15:00,2028-03-31 14:59,https://www.jgrants-portal.go.jp/subsidy/a0WJ200000CDducMAD
S-00009660,【千葉】令和８年度中小企業最低賃金引上げ支援対策費補助金（業務改善助成金）,,千葉県,従業員数の制約なし,6000000,2026-08-31 15:00,2028-03-31 14:59,https://www.jgrants-portal.go.jp/subsidy/a0WJ200000CDdunMAD
S-00009712,【和歌山】令和８年度中小企業最低賃金引上げ支援対策費補助金（業務改善助成金）,,和歌山県,従業員数の制約なし,6000000,2026-08-31 15:00,2028-03-31 14:59,https://www.jgrants-portal.go.jp/subsidy/a0WJ200000CDe6GMAT
S-00009659,【埼玉】令和８年度中小企業最低賃金引上げ支援対策費補助金（業務改善助成金）,,埼玉県,従業員数の制約なし,6000000,2026-08-31 15:00,2028-03-31 14:59,https://www.jgrants-portal.go.jp/subsidy/a0WJ200000CDdumMAD
S-00009726,【大分】令和８年度中小企業最低賃金引上げ支援対策費補助金（業務改善助成金）,,大分県,従業員数の制約なし,6000000,2026-08-31 15:00,2028-03-31 14:59,https://www.jgrants-portal.go.jp/subsidy/a0WJ200000CDe6ZMAT
S-00009709,【大阪】令和８年度中小企業最低賃金引上げ支援対策費補助金（業務改善助成金）,,大阪府,従業員数の制約なし,6000000,2026-08-31 15:00,2028-03-31 14:59,https://www.jgrants-portal.go.jp/subsidy/a0WJ200000CDe6DMAT
S-00009711,【奈良】令和８年度中小企業最低賃金引上げ支援対策費補助金（業務改善助成金）,,奈良県,従業員数の制約なし,6000000,2026-08-31 15:00,2028-03-31 14:59,https://www.jgrants-portal.go.jp/subsidy/a0WJ200000CDe6FMAT
S-00009652,【宮城】令和８年度中小企業最低賃金引上げ支援対策費補助金（業務改善助成金）,,宮城県,従業員数の制約なし,6000000,2026-08-31 15:00,2028-03-31 14:59,https://www.jgrants-portal.go.jp/subsidy/a0WJ200000CDdufMAD
S-00009727,【宮崎】令和８年度中小企業最低賃金引上げ支援対策費補助金（業務改善助成金）,,宮崎県,従業員数の制約なし,6000000,2026-08-31 15:00,2028-03-31 14:59,https://www.jgrants-portal.go.jp/subsidy/a0WJ200000CDe6aMAD
S-00009664,【富山】令和８年度中小企業最低賃金引上げ支援対策費補助金（業務改善助成金）,,富山県,従業員数の制約なし,6000000,2026-08-31 15:00,2028-03-31 14:59,https://www.jgrants-portal.go.jp/subsidy/a0WJ200000CDdurMAD
S-00009717,【山口】令和８年度中小企業最低賃金引上げ支援対策費補助金（業務改善助成金）,,山口県,従業員数の制約なし,6000000,2026-08-31 15:00,2028-03-31 14:59,https://www.jgrants-portal.go.jp/subsidy/a0WJ200000CDe6QMAT
S-00009654,【山形】令和８年度中小企業最低賃金引上げ支援対策費補助金（業務改善助成金）,,山形県,従業員数の制約なし,6000000,2026-08-31 15:00,2028-03-31 14:59,https://www.jgrants-portal.go.jp/subsidy/a0WJ200000CDduhMAD
S-00009701,【山梨】令和８年度中小企業最低賃金引上げ支援対策費補助金（業務改善助成金）,,山梨県,従業員数の制約なし,6000000,2026-08-31 15:00,2028-03-31 14:59,https://www.jgrants-portal.go.jp/subsidy/a0WJ200000CDe65MAD
S-00009703,【岐阜】令和８年度中小企業最低賃金引上げ支援対策費補助金（業務改善助成金）,,岐阜県,従業員数の制約なし,6000000,2026-08-31 15:00,2028-03-31 14:59,https://www.jgrants-portal.go.jp/subsidy/a0WJ200000CDe67MAD
S-00009715,【岡山】令和８年度中小企業最低賃金引上げ支援対策費補助金（業務改善助成金）,,岡山県,従業員数の制約なし,6000000,2026-08-31 15:00,2028-03-31 14:59,https://www.jgrants-portal.go.jp/subsidy/a0WJ200000CDe6OMAT
S-00009651,【岩手】令和８年度中小企業最低賃金引上げ支援対策費補助金（業務改善助成金）,,岩手県,従業員数の制約なし,6000000,2026-08-31 15:00,2028-03-31 14:59,https://www.jgrants-portal.go.jp/subsidy/a0WJ200000CDdueMAD
S-00009714,【島根】令和８年度中小企業最低賃金引上げ支援対策費補助金（業務改善助成金）,,島根県,従業員数の制約なし,6000000,2026-08-31 15:00,2028-03-31 14:59,https://www.jgrants-portal.go.jp/subsidy/a0WJ200000CDe6IMAT
S-00009716,【広島】令和８年度中小企業最低賃金引上げ支援対策費補助金（業務改善助成金）,,広島県,従業員数の制約なし,6000000,2026-08-31 15:00,2028-03-31 14:59,https://www.jgrants-portal.go.jp/subsidy/a0WJ200000CDe6PMAT
S-00009718,【徳島】令和８年度中小企業最低賃金引上げ支援対策費補助金（業務改善助成金）,,徳島県,従業員数の制約なし,6000000,2026-08-31 15:00,2028-03-31 14:59,https://www.jgrants-portal.go.jp/subsidy/a0WJ200000CDe6RMAT
S-00009720,【愛媛】令和８年度中小企業最低賃金引上げ支援対策費補助金（業務改善助成金）,,愛媛県,従業員数の制約なし,6000000,2026-08-31 15:00,2028-03-31 14:59,https://www.jgrants-portal.go.jp/subsidy/a0WJ200000CDe6TMAT
S-00009705,【愛知】令和８年度中小企業最低賃金引上げ支援対策費補助金（業務改善助成金）,,愛知県,従業員数の制約なし,6000000,2026-08-31 15:00,2028-03-31 14:59,https://www.jgrants-portal.go.jp/subsidy/a0WJ200000CDe69MAD
S-00009663,【新潟】令和８年度中小企業最低賃金引上げ支援対策費補助金（業務改善助成金）,,新潟県,従業員数の制約なし,6000000,2026-08-31 15:00,2028-03-31 14:59,https://www.jgrants-portal.go.jp/subsidy/a0WJ200000CDduqMAD
S-00009661,【東京】令和８年度中小企業最低賃金引上げ支援対策費補助金（業務改善助成金）,,東京都,従業員数の制約なし,6000000,2026-08-31 15:00,2028-03-31 14:59,https://www.jgrants-portal.go.jp/subsidy/a0WJ200000CDduoMAD
S-00009657,【栃木】令和８年度中小企業最低賃金引上げ支援対策費補助金（業務改善助成金）,,栃木県,従業員数の制約なし,6000000,2026-08-31 15:00,2028-03-31 14:59,https://www.jgrants-portal.go.jp/subsidy/a0WJ200000CDdukMAD
S-00009729,【沖縄】令和８年度中小企業最低賃金引上げ支援対策費補助金（業務改善助成金）,,沖縄県,従業員数の制約なし,6000000,2026-08-31 15:00,2028-03-31 14:59,https://www.jgrants-portal.go.jp/subsidy/a0WJ200000CDe6cMAD
S-00009707,【滋賀】令和８年度中小企業最低賃金引上げ支援対策費補助金（業務改善助成金）,,滋賀県,従業員数の制約なし,6000000,2026-08-31 15:00,2028-03-31 14:59,https://www.jgrants-portal.go.jp/subsidy/a0WJ200000CDe6BMAT
S-00009725,【熊本】令和８年度中小企業最低賃金引上げ支援対策費補助金（業務改善助成金）,,熊本県,従業員数の制約なし,6000000,2026-08-31 15:00,2028-03-31 14:59,https://www.jgrants-portal.go.jp/subsidy/a0WJ200000CDe6YMAT
S-00009665,【石川】令和８年度中小企業最低賃金引上げ支援対策費補助金（業務改善助成金）,,石川県,従業員数の制約なし,6000000,2026-08-31 15:00,2028-03-31 14:59,https://www.jgrants-portal.go.jp/subsidy/a0WJ200000CDdusMAD
S-00009662,【神奈川】令和８年度中小企業最低賃金引上げ支援対策費補助金（業務改善助成金）,,神奈川県,従業員数の制約なし,6000000,2026-08-31 15:00,2028-03-31 14:59,https://www.jgrants-portal.go.jp/subsidy/a0WJ200000CDdupMAD
S-00009700,【福井】令和８年度中小企業最低賃金引上げ支援対策費補助金（業務改善助成金）,,福井県,従業員数の制約なし,6000000,2026-08-31 15:00,2028-03-31 14:59,https://www.jgrants-portal.go.jp/subsidy/a0WJ200000CDe64MAD
S-00009722,【福岡】令和８年度中小企業最低賃金引上げ支援対策費補助金（業務改善助成金）,,福岡県,従業員数の制約なし,6000000,2026-08-31 15:00,2028-03-31 14:59,https://www.jgrants-portal.go.jp/subsidy/a0WJ200000CDe6VMAT
S-00009655,【福島】令和８年度中小企業最低賃金引上げ支援対策費補助金（業務改善助成金）,,福島県,従業員数の制約なし,6000000,2026-08-31 15:00,2028-03-31 14:59,https://www.jgrants-portal.go.jp/subsidy/a0WJ200000CDduiMAD
S-00009653,【秋田】令和８年度中小企業最低賃金引上げ支援対策費補助金（業務改善助成金）,,秋田県,従業員数の制約なし,6000000,2026-08-31 15:00,2028-03-31 14:59,https://www.jgrants-portal.go.jp/subsidy/a0WJ200000CDdugMAD
S-00009658,【群馬】令和８年度中小企業最低賃金引上げ支援対策費補助金（業務改善助成金）,,群馬県,従業員数の制約なし,6000000,2026-08-31 15:00,2028-03-31 14:59,https://www.jgrants-portal.go.jp/subsidy/a0WJ200000CDdulMAD
S-00009656,【茨城】令和８年度中小企業最低賃金引上げ支援対策費補助金（業務改善助成金）,,茨城県,従業員数の制約なし,6000000,2026-08-31 15:00,2028-03-31 14:59,https://www.jgrants-portal.go.jp/subsidy/a0WJ200000CDdujMAD
S-00009724,【長崎】令和８年度中小企業最低賃金引上げ支援対策費補助金（業務改善助成金）,,長崎県,従業員数の制約なし,6000000,2026-08-31 15:00,2028-03-31 14:59,https://www.jgrants-portal.go.jp/subsidy/a0WJ200000CDe6XMAT
S-00009702,【長野】令和８年度中小企業最低賃金引上げ支援対策費補助金（業務改善助成金）,,長野県,従業員数の制約なし,6000000,2026-08-31 15:00,2028-03-31 14:59,https://www.jgrants-portal.go.jp/subsidy/a0WJ200000CDe66MAD
S-00009650,【青森】令和８年度中小企業最低賃金引上げ支援対策費補助金（業務改善助成金）,,青森県,従業員数の制約なし,6000000,2026-08-31 15:00,2028-03-31 14:59,https://www.jgrants-portal.go.jp/subsidy/a0WJ200000CDdudMAD
S-00009704,【静岡】令和８年度中小企業最低賃金引上げ支援対策費補助金（業務改善助成金）,,静岡県,従業員数の制約なし,6000000,2026-08-31 15:00,2028-03-31 14:59,https://www.jgrants-portal.go.jp/subsidy/a0WJ200000CDe68MAD
S-00009719,【香川】令和８年度中小企業最低賃金引上げ支援対策費補助金（業務改善助成金）,,香川県,従業員数の制約なし,6000000,2026-08-31 15:00,2028-03-31 14:59,https://www.jgrants-portal.go.jp/subsidy/a0WJ200000CDe6SMAT
S-00009721,【高知】令和８年度中小企業最低賃金引上げ支援対策費補助金（業務改善助成金）,,高知県,従業員数の制約なし,6000000,2026-08-31 15:00,2028-03-31 14:59,https://www.jgrants-portal.go.jp/subsidy/a0WJ200000CDe6UMAT
S-00009713,【鳥取】令和８年度中小企業最低賃金引上げ支援対策費補助金（業務改善助成金）,,鳥取県,従業員数の制約なし,6000000,2026-08-31 15:00,2028-03-31 14:59,https://www.jgrants-portal.go.jp/subsidy/a0WJ200000CDe6HMAT
S-00009728,【鹿児島】令和８年度中小企業最低賃金引上げ支援対策費補助金（業務改善助成金）,,鹿児島県,従業員数の制約なし,6000000,2026-08-31 15:00,2028-03-31 14:59,https://www.jgrants-portal.go.jp/subsidy/a0WJ200000CDe6bMAD
S-00005298,令和6年度【2年目申請用】ES（社員満足度）向上による若手人材確保・定着事業助成金,,東京都,300名以下,3000000,2024-09-12 15:00,2028-09-01 14:59,https://www.jgrants-portal.go.jp/subsidy/a0WJ20000088TQ4MAM
S-00005455,デジタル技術活用推進助成金に係る状況報告等について,,東京都,従業員数の制約なし,,2022-11-12 15:00,2029-02-14 15:00,https://www.jgrants-portal.go.jp/subsidy/a0WJ2000008Av8bMAC
S-00007271,令和7年度【2年目申請用】ES（社員満足度）向上による若手人材確保・定着事業助成金,,東京都,300名以下,3000000,2025-09-10 15:00,2029-03-31 14:59,https://www.jgrants-portal.go.jp/subsidy/a0WJ200000CDUvzMAH
S-00007485,令和7年度【3年目申請用】ES（社員満足度）向上による若手人材確保・定着事業助成金,,東京都,300名以下,3000000,2025-11-19 15:00,2029-03-31 14:59,https://www.jgrants-portal.go.jp/subsidy/a0WJ200000CDVxKMAX
S-00009011,令和8年度【2年目申請用】ES（社員満足度）向上による若手人材確保・定着事業助成金,,東京都,300名以下,3000000,2026-05-12 05:00,2029-03-31 14:59,https://www.jgrants-portal.go.jp/subsidy/a0WJ200000CDYkBMAX
S-00009009,令和8年度【3年目申請用】ES（社員満足度）向上による若手人材確保・定着事業助成金,,東京都,300名以下,3000000,2026-05-12 05:00,2029-03-31 14:59,https://www.jgrants-portal.go.jp/subsidy/a0WJ200000CDYk9MAH
S-00008560,東広島市小児科新規開業支援事業補助金,,広島県,従業員数の制約なし,10000000,2025-03-31 15:00,2029-03-31 14:59,https://www.jgrants-portal.go.jp/subsidy/a0WJ200000CDYCsMAP
S-00007015,危機管理対策促進事業_事業完了後の各種申請,,茨城県 / 栃木県 / 群馬県 / 埼玉県 / 千葉県 / 東京都 / 神奈川県 / 山梨県,従業員数の制約なし,15000000,2024-05-13 00:00,2029-12-31 14:59,https://www.jgrants-portal.go.jp/subsidy/a0WJ200000CDRafMAH
S-00007993,いわき市診療所開設・承継支援補助金,,全国,従業員数の制約なし,30000000,2025-03-31 15:00,2030-03-31 14:45,https://www.jgrants-portal.go.jp/subsidy/a0WJ200000CDXK4MAP
S-00006619,令和7年度　ES（社員満足度）向上による若手人材確保・定着事業助成金　１年目申請用,,東京都,300名以下,3000000,2025-05-11 15:00,2030-11-14 15:00,https://www.jgrants-portal.go.jp/subsidy/a0WJ200000CDNiaMAH
S-00009010,令和8年度【1年目申請用】ES（社員満足度）向上による若手人材確保・定着事業助成金,,東京都,300名以下,3000000,2026-05-12 05:00,2030-11-14 15:00,https://www.jgrants-portal.go.jp/subsidy/a0WJ200000CDYkAMAX
